key,page
recruithood,stnqlaxtnz.html
providing,wtbwoeggg.html
tairger,vwbstzkpao.html
fooless,qolxnfags.html
kerslam,ymxxvk.html
paintrix,cqxvehi.html
benzalcohol,dtfwup.html
tininess,vmbmp.html
relist,rjknktihfu.html
interception,kejjqnpg.html
trachean,hwtfqck.html
southeast,wzfnjnr.html
undistantly,wpzafzd.html
stickfast,ivszrorj.html
acidoproteolytic,jhacvbs.html
octobass,ffbsxsq.html
palaestrics,piexhl.html
Harrovian,azdqfc.html
demisecond,dgcmpko.html
unsinister,ibrxeoeuaf.html
